iteration,locations,labels,cluster_centers,opt_route,arrival_times
0,"[[0.0, 0.0], [-7.0768205582693255, -6.455570642957484], [7.92236860359662, -2.191482486908125], [6.14341381428056, -8.12518778952665], [1.295637014148582, 4.9336770786429085], [-2.9666032414541776, 7.547852000539692], [3.862666624967348, 3.5901373473513694], [-8.998430085969101, 7.74158664985535], [9.976063764256253, 6.113838596105023], [9.26202520812501, -3.9212399367064776], [-0.49410123887500035, -1.3281800523534937], [1.4759616740724262, 4.411384104287958], [-4.470682012377358, -8.269193243047248], [6.11389223805547, -6.559078378328927], [-3.027765270459648, -8.030285721989053], [-4.04939121487274, 6.11509148986983], [1.992876665299688, 8.726423102182942], [-9.821279994030528, -6.234189067954352], [6.329321883325857, -4.255708421687374], [-2.6831774410497395, 6.671231729442017], [0.6001010951437085, -5.1842653170910635], [-1.023333154033505, 5.386441125025481], [7.191843653350649, 4.057489978903533], [5.62937493501407, -9.331830981993212], [4.750345443512691, 3.3610567298980154], [-4.827613487039246, -3.095706596694077], [-6.059723293805657, 9.879220784862643], [-8.901172334467855, -8.710029819333396], [-1.0423956577088678, 2.25923997716518], [-9.393567009972694, 8.14201760532885], [2.5302506941638434, 6.2687601507176325], [-9.316162239726506, 2.9943010566094213], [9.27864362708793, 6.964795163655012], [-6.093246277546884, -2.4066207745938257], [-6.687491346791335, -6.757312188828843], [6.367646016315039, 4.186821985931475], [8.110638368371895, 1.4005588245132614], [-1.991344494074836, 5.629687906771956], [3.73419926014172, 4.8751653586288555], [8.988138923146902, -4.581700901286405], [-5.516656908345501, -3.1795612344743613], [-8.157898666725586, -2.515680130764773], [2.019246866714301, 6.079557551252822], [9.451015697150073, 8.441992923331195], [-5.398941243834335, -4.3721485927131365], [-9.499083686216673, 8.026124279315013], [-4.867340028703149, 1.4547670894965137], [-5.9837778303571065, -4.989860759279365], [4.5501365396072035, 1.6296561177428774], [5.759227669104925, -8.466301755300856], [-3.835550667604233, 2.3688625103788556]]","[5, 4, 3, 3, 7, 2, 7, 6, 0, 3, 5, 7, 4, 3, 4, 2, 7, 4, 3, 2, 5, 2, 0, 3, 7, 1, 6, 4, 2, 6, 7, 6, 0, 1, 4, 0, 0, 2, 7, 3, 1, 1, 7, 0, 1, 6, 2, 1, 7, 3, 2]","[[0.0, 0.0], [8.146145191110561, 5.039244406122623], [-7.049460955101505, -3.871116043717494], [-3.1564318644797145, 5.009198368289839], [7.030627459377246, -5.457867276941276], [-6.6850499080993275, -8.078801154871245], [0.32560641901812537, -3.0267079413986266], [-7.023418595284094, 6.029598422251753], [2.997144263909428, 5.08318932585318]]","[0, 6, 4, 1, 8, 3, 7, 2, 5, 0]","[8.0599, 8.2231, 8.43, 8.5225, 8.6334, 8.7204, 8.8972, 8.9808]"
1,"[[0.0, 0.0], [-1.323581242793086, 3.9604773185455286], [0.06868223862986689, -4.73341710971714], [-8.316154703014632, -9.118089686211759], [9.415808350056246, 4.115988347312303], [-2.1665670541638864, -8.790620552553307], [-4.459830358553396, 8.35965642290041], [6.004863788317827, 6.001806930967163], [-4.117415630688108, 3.515302643968255], [-4.966909969630009, -5.758722572617831], [5.389116555481483, 9.76060746132723], [-1.1866036693313635, 8.95925746779276], [2.5254597487964965, 7.562559026912268], [-9.677695566473588, -1.9200622465682606], [-3.377697599934808, -7.254584034596647], [-9.591453244209765, 6.129195171496171], [5.094921932910621, 1.0405156607365313], [9.499334415065523, -0.4039198684449623], [-6.725522654066182, -1.0785755931333458], [-3.702838498219359, -7.012426862378803], [0.7641164711593511, 5.493976104213026], [-7.2038355890182775, 0.5111290393131789], [9.126246329651014, 4.109527734979332], [8.259438868927418, -0.9135175252121854], [5.320919310489632, 4.922055310600051], [4.973163770639955, -0.46892595698539274], [-6.459305294730675, -2.918824219333107], [-1.466657429604414, 0.330558090873188], [2.0189396522785295, 8.888277906093723], [-0.13460404548594873, -5.2440009002338535], [9.945903688275617, -6.802051795144591], [2.7294583789161067, 1.1680411138778517], [6.887853429876266, -4.9063919618086445], [-5.6275867505588835, -4.208202566533359], [-4.521157072603332, -2.09821512883474], [-0.18242473974283513, 9.741123463510846], [-0.16250315602955645, -9.765919906418867], [8.995944725578173, -3.2100799139281433], [4.398471193463733, -7.366574444082568], [-2.2049765890986306, 4.790987739222086], [8.90256906265845, -2.1563997224437887], [9.913168837625115, 6.118822208403941], [-1.3468619467524974, -7.653903321723538], [-5.817583276791634, 2.824832986390769], [9.910022449972185, 7.544276442868053], [6.07399700220337, -6.897655920220065], [9.80115350721712, -9.51224941481625], [9.772083597015378, -9.98695929121502], [-8.257560667395724, -7.1795095969195994], [-9.560492041219582, 8.352605655514317], [0.07167987893048533, -6.824161065513062]]","[5, 5, 4, 7, 0, 4, 3, 0, 5, 7, 6, 6, 6, 1, 7, 3, 8, 8, 1, 7, 5, 1, 0, 8, 0, 8, 1, 5, 6, 4, 2, 5, 2, 7, 1, 6, 4, 8, 2, 5, 8, 0, 4, 1, 0, 2, 2, 2, 7, 3, 4]","[[0.0, 0.0], [6.867265692913618, 6.909399062759868], [-6.048811061155536, -0.9671606070919152], [7.1978392811280845, -7.356511472265081], [-6.310513760544649, 7.271086766680234], [-1.3391732156295368, -7.195985139448594], [-0.7947536213548293, 2.679557637652635], [1.9267216750143352, 7.269038353118898], [-6.135570184012225, -7.099156902651373], [7.209392995910188, -0.9218783951754551]]","[0, 6, 4, 7, 1, 9, 3, 5, 8, 2, 0]","[8.0621, 8.2426, 8.3893, 8.4837, 8.6293, 8.7441, 8.8991, 8.9885, 9.1041]"
2,"[[0.0, 0.0], [8.048951360379203, -4.042468343534955], [-8.836546603969959, 5.996552150299086], [2.7934387606563256, 6.1151341621246615], [3.4871517432510064, 8.846496761448265], [5.324014245497477, -4.061823344902374], [6.459714419572272, 7.733277744353664], [9.513633417994068, 8.831352684131605], [4.817229098420757, 3.9336525637594733], [1.8494519509413383, 4.82177273382257], [3.4925559991715094, 3.4598856775985745], [2.516211474650703, 7.963090379116885], [-5.730652467948101, 5.980520936765279], [-3.3392150774606506, -0.8318621514537039], [8.820888178868007, 5.3213371258288955], [-2.2319852291069076, -9.207763758425129], [4.689303397818282, 0.4071774605883327], [2.3111252008388874, -1.136589066004884], [-5.121925681240387, -3.3937410097160576], [3.1100717210468005, -2.278371856403025], [0.9027272455278244, -3.9253046014899606], [8.584502014619801, 7.945421229871897], [0.6981251636226666, 5.013622116522832], [0.3474855194234401, -9.529356071027856], [1.4485443751080744, 4.644980115511537], [4.098291936965442, -4.2252256595501425], [4.069884747146615, -8.543378936924515], [5.887349347940782, -5.193267490019517], [-4.435673760757979, -8.359883891032498], [5.461142638570333, 3.8037958667218223], [5.54068912443897, 7.976325145359763], [-4.851696089917716, 0.4004078747358122], [9.369057933730364, 7.512845815450987], [-9.745631281840128, 4.119240264544196], [6.389060182305407, -3.6107627795565467], [9.676665863833925, 0.3995052078719077], [4.88253460642483, -3.858122310837464], [3.094511289325313, -6.231860736160522], [8.009945952024736, 1.9210044869255718], [6.826107376793097, -6.418425937057077], [-0.9813401300797846, -0.7493823852928632], [-0.9283360361275825, -7.719730724800287], [-3.343530395982091, -9.287338024435329], [0.9945200464133475, -4.659799243833458], [-1.0496980569772951, -6.580467421176744], [-8.386339814041069, -0.39906476121229595], [0.6859698435275732, -6.310339644132618], [6.569297603368522, -1.0467604820339105], [3.8988962446325477, -4.985198409097016], [9.795242528386979, 8.28653804252881], [8.752317667754678, -2.117569215007588]]","[0, 5, 3, 1, 1, 4, 6, 6, 1, 1, 1, 1, 3, 0, 6, 2, 5, 4, 0, 4, 4, 6, 1, 2, 1, 4, 4, 4, 2, 1, 6, 0, 6, 3, 4, 5, 4, 4, 5, 4, 0, 2, 2, 4, 2, 3, 2, 5, 4, 6, 5]","[[0.0, 0.0], [-3.131066775808051, -0.7386324507848017], [3.209078941514388, 5.827733757970655], [-1.6548982963936933, -7.8456302142221945], [-6.688284834134781, 2.933331880985446], [3.7770057327452213, -5.020525910598729], [7.297549322181583, -1.065547712154777], [7.372392379001822, 6.177043548266027]]","[0, 1, 4, 2, 7, 6, 5, 3, 0]","[8.0692, 8.1982, 8.4262, 8.5066, 8.6369, 8.7701, 8.9177]"
3,"[[0.0, 0.0], [-2.155769483696508, 7.991630234429337], [-8.58352966770971, 3.627959470106429], [-0.8997750052719802, 0.8683854886535016], [-6.275942682297535, -0.2027108899754655], [8.72501218530796, -7.455858549966125], [9.842124036278456, 9.750938977367557], [5.068624004796824, 6.901500864365197], [-9.379535984473918, 7.048729302349564], [4.051031587483568, -5.350931964904799], [-8.587710450927414, 5.664888472486425], [-3.7584103342237185, -7.4018186048299555], [-7.7954296550018825, -6.811582234652375], [-5.018543162265747, 0.31563430098500866], [-8.80411741712562, 5.946139476637363], [8.949556520587208, -2.664292549423539], [-7.3218811689681225, -9.679408958308052], [-4.009844482653411, -6.650758635160557], [1.5443098337955146, 8.729453326169857], [-2.5675484780167697, 1.7412895476194663], [-9.279056452321711, -2.835664348269802], [-9.063930218763405, 8.907310852604699], [-5.223650654223995, 1.6852544641424316], [4.4061909705965725, -7.5145602374373555], [3.5583338493981014, 2.3376520601832436], [-3.0270114227307765, 5.464894036617755], [-3.3098102657239465, 9.507876032395075], [-5.202351807456001, 0.4678075708124574], [-7.775619777567919, 6.893271662679798], [-1.7762468490034866, -0.4736725317317365], [7.383545724822508, 3.8208344287411435], [8.392192449879019, 7.318676742647948], [1.027265617936795, -0.7239348088707409], [-5.358956503919423, 5.017171946328467], [8.046143096874964, -0.302017550867026], [6.261809826064361, 0.9154455578519354], [-0.9289364202912225, 0.29781606136483063], [0.3768255116425365, -9.80351448580622], [3.866745924046441, -8.786733091543459], [-6.352515984713431, 0.37999826775669554], [2.8645405069541283, -8.536108121207794], [3.7307002486706935, 1.2449085933332817], [3.851262602971639, 8.661288335475586], [-6.321711616233512, 4.258598863438134], [1.1809894783316572, 7.513614953590697], [-3.8952958443542656, 4.982016004289411], [7.294336412680359, -1.5028052905317786], [-7.872009376519065, -5.042476112031826], [-8.744236174926758, 8.856809290552427], [-1.3525593568107652, -7.314501725535159], [3.239687679642385, 2.067185411806234]]","[0, 3, 1, 0, 5, 8, 7, 7, 1, 8, 1, 2, 6, 5, 1, 4, 6, 2, 3, 5, 6, 1, 5, 8, 0, 5, 3, 5, 1, 0, 7, 7, 0, 5, 4, 4, 0, 2, 8, 5, 8, 0, 3, 5, 3, 5, 4, 6, 1, 2, 0]","[[0.0, 0.0], [0.14753594696452632, 0.8301065528394092], [-8.97461637664233, 5.475645905690123], [-1.7537487369417168, -7.146810222365733], [0.5638547815361896, 7.858713207672729], [8.058978268076869, -0.47809737769078775], [-4.6998651396433715, 2.5979809714085103], [-7.641251069384037, -6.053382677691113], [8.309377556721287, 6.77353217328117], [5.473694226767055, -7.2282865930274465]]","[0, 1, 6, 2, 7, 3, 9, 5, 8, 4, 0]","[8.0175, 8.1357, 8.2633, 8.4924, 8.6167, 8.7469, 8.9131, 9.0507, 9.2189]"
4,"[[0.0, 0.0], [9.049815680484315, -8.779407915181928], [-0.6100348552887738, -3.3261335572615813], [9.953383682250756, 1.9570392533200227], [4.8332517906346535, -3.062765398324525], [6.281970175273525, -8.448045282424072], [4.634007924941363, -6.6649022668842095], [3.070132881784815, -2.9036217964953543], [3.8660460135932198, 2.41813784941397], [-1.692293152963698, 8.537669807848115], [-1.528547839193104, 2.7019588710641624], [-3.980478206749776, -0.6663842914590106], [0.5597216040020552, -7.174329895072942], [7.800396894465603, -8.44294896633101], [-4.394421187541015, -9.799087303513929], [1.2898240319128185, 9.362114546099178], [-9.055841531714727, -4.6211664556507674], [-8.460167391925095, 7.053171817728096], [-3.678094771909959, 8.003829385061788], [1.4401451596136816, 0.0884416780425532], [6.275178805784943, 1.990434602997306], [0.18035434539772233, -4.630850131033773], [-5.900580114430634, 3.6946615013083637], [-8.547774008436633, -0.206448486030391], [9.075976476330354, -3.258334176532287], [5.913020904220685, -2.5601659569954798], [7.939883966974641, -6.694763807202384], [7.927876088024249, -5.316098500788485], [-4.333095639564071, 4.682621728114409], [-7.640123487182167, 7.981166450113658], [-3.6286062725535873, -5.2144601527568435], [0.7778749102942122, -6.409326917551182], [-3.9763612890702245, 6.960571632794149], [6.960484355246287, -2.094062711298516], [7.496683949283845, 4.770699148599514], [-2.0561797768112093, 9.965717176609054], [4.062772859222342, -5.474904632504178], [-9.077646636027426, 4.3630774108626], [-1.1461502803380714, 3.724886567577739], [-4.1366815600389355, -2.182513815774625], [1.1059189146393713, 1.6087667633613876], [1.8010596396916618, -3.4120723230955914], [-7.362516270540356, 3.6453468206611266], [-9.699882347642042, 0.6872648198819942], [-9.219032115545069, -6.144417654518072], [-9.193038868287315, -6.9896403676568415], [-1.9377871537005653, -3.4444918762143706], [-6.928611118938863, -8.774258800283125], [3.2572893493578903, 3.3142899834346906], [-0.3274064112852404, -5.1838615982456115], [9.270742428737972, -5.904400589853509]]","[5, 3, 5, 0, 3, 3, 3, 5, 0, 4, 4, 5, 5, 3, 2, 4, 2, 1, 4, 5, 0, 5, 1, 1, 3, 3, 3, 3, 4, 1, 2, 5, 4, 3, 0, 4, 3, 1, 4, 5, 0, 5, 1, 1, 2, 2, 5, 2, 0, 5, 3]","[[0.0, 0.0], [5.52818413068352, 1.9427917080362451], [-7.105913966530169, 3.7791211095070083], [-5.767415166282229, -6.3477034541646455], [6.727328094090342, -4.360183336309083], [-1.12533391874525, 6.172384625647993], [-0.804497694005311, -3.657348926011702]]","[0, 5, 2, 3, 6, 4, 1, 0]","[8.1304, 8.2798, 8.484, 8.6203, 8.767, 8.901]"
5,"[[0.0, 0.0], [7.714504136035497, 8.55625838453259], [9.763333579175729, -9.802309745423196], [2.447675331636251, 2.4463071291563647], [-3.4727705253496843, 1.1136718646510033], [-2.931088807671869, 7.819289115020691], [0.24674907090924947, -8.925773325025784], [-9.114419103728299, 2.8734682266414495], [9.79564726001339, -0.778354272103785], [-7.725010263559067, -4.751962635470659], [6.101007676679803, 7.256213042835064], [-5.10224933573586, 6.256119846563319], [-6.823953037257995, 7.855012060650871], [4.415274295374289, 5.590928742613318], [-2.77396860634423, 6.156988109044438], [-9.707363512800562, -8.743842359037433], [-1.7947487650820992, -2.3702539397864397], [4.162899953129548, -7.020633380039332], [4.104395909468474, -5.856177817889973], [1.8948259982773248, 5.634994015334529], [6.280955772248486, 9.616206166609004], [-9.864722198546739, -3.809808131963397], [-7.3585164923972375, -3.9275092690494766], [-7.421968050906891, -2.223764983734995], [8.980147395261817, 3.6657259727002867], [0.9960652082429284, 2.869260221141406], [4.750001607064711, 5.141012089664436], [9.087037336212397, -2.1845416812153413], [-1.219784237192087, -4.187304385077583], [-0.5037809506592694, 6.7235458173230995], [6.649237080682269, 8.072699383549768], [9.351765394870938, -6.4012829720938225], [4.564129122930996, 1.5560843397282849], [-4.521399639516252, -9.23466808714384], [3.3908883152634157, 3.3877658278899325], [3.76253722578517, -0.5538695855574431], [4.958644071110818, 3.9104147772440907], [7.0371352558881455, 9.290388886828264], [3.645798881172217, 0.4167251337604778], [-6.193075421898662, 8.987732593894137], [8.008683948072274, -3.6530687328952975], [-7.152568589318444, 0.7890074006606014], [-7.367855495950799, -5.0379551415853], [-4.249061634302884, 2.686644884561474], [8.810032855115768, -3.4612980732773106], [8.2415663441949, 0.5887841474371278], [-8.610378802095962, -6.257383722166248], [5.976778964844092, 8.1113006854936], [3.4545021171585546, 5.136443956982548], [9.076911287184547, -7.896929841967834], [4.159489703009973, -5.800821826914612]]","[1, 4, 0, 1, 3, 6, 7, 3, 5, 2, 4, 6, 6, 1, 6, 2, 7, 0, 0, 1, 4, 2, 2, 2, 4, 1, 1, 5, 7, 6, 4, 0, 1, 7, 1, 1, 1, 4, 1, 6, 5, 3, 2, 3, 5, 5, 2, 4, 1, 0, 0]","[[0.0, 0.0], [7.629617095756089, -6.852444268185723], [2.1788561933181745, 2.8755509922632796], [-9.045747097345531, -5.292150896476072], [-6.249844202191143, 2.0903646753004463], [7.352665667953273, 6.10327393966372], [9.220808113416116, -2.393977484816654], [-3.900565851993699, 6.634054900967225], [-2.2895261377964764, -6.023178221835164]]","[0, 2, 5, 6, 1, 8, 3, 4, 7, 0]","[8.0903, 8.2403, 8.4249, 8.5327, 8.7241, 8.8575, 9.0422, 9.1731]"
6,"[[0.0, 0.0], [-4.110000378643233, -7.586869978107114], [7.115236984865934, -3.5754611914305006], [2.049964472828643, 7.131916695608741], [5.727619750775805, 1.9088637407869768], [-7.825094828905215, 6.927546662598655], [-7.802605132816812, -1.0059215428079415], [9.291233589712448, -1.3868629217673085], [-2.5957882727387016, -7.196517104827132], [-4.997994665907816, 0.99876676196814], [-0.3366860607249542, -9.331616051329872], [7.810688002206074, -8.154315371952627], [-5.819328071602296, -9.912349804592735], [-3.50755885443526, -1.4583996186854193], [-6.492986721109631, 0.06923863157858179], [-9.391089683354126, -7.817748741861175], [-0.44807072224303823, 8.36316101178959], [8.926382151901834, -5.81907936580323], [4.623197434520478, 5.881073680690349], [9.808495278288426, 1.4709110169017858], [-6.424893343629796, -4.941897105384787], [-4.074496121924378, 1.4067660483401134], [-4.8705147184618465, 7.398997761832977], [7.047343401727069, -0.11482373525806899], [1.6027298630235087, 5.06630277148931], [4.759601103005529, -4.931506069499017], [8.811635337687388, 5.4339675910287415], [-1.6621945444000552, -9.436787392225959], [-9.616732917824613, -8.97305977963261], [8.732847441088147, -9.077096986555501], [-3.5853231312666622, 5.401969691819382], [-0.939972964984559, -1.6453303242327877], [0.6601459544196775, 8.94176625332743], [3.7360621978184874, -2.816762867969233], [-7.9196273119433, -2.7709886648535615], [-4.7406194492002784, 0.4258777087357206], [-2.6094306085469583, 4.422680618149492], [-6.266852115665699, 3.5415681127886796], [-7.317123339577892, 7.652862706298254], [6.189061133543991, 8.28865569074203], [-9.465685630462513, -6.852248123083166], [-1.719246719121795, -6.2044199030283975], [0.49337300999631495, -9.471521010938487], [2.3167646922915317, -1.6292422585921607], [-7.972648757031147, -0.7776724138658473], [-7.969795954953993, 4.65236682993973], [4.556339058292478, -7.025496036848818], [-4.873785259736774, 2.6581163434046235], [-9.048378080000784, -5.568345443199172], [-8.272571275884097, -1.1407290156977155], [3.97494764672418, 0.5373687878216984]]","[5, 7, 2, 6, 1, 4, 0, 1, 7, 0, 7, 2, 3, 0, 0, 3, 6, 2, 6, 1, 3, 0, 4, 1, 6, 2, 1, 7, 3, 2, 4, 5, 6, 5, 0, 0, 4, 4, 4, 6, 3, 7, 7, 5, 0, 4, 2, 4, 3, 0, 5]","[[0.0, 0.0], [-6.474381226455132, 0.1293446757127918], [7.014634961020833, 1.1965378862636957], [6.892645340688239, -6.6117137577943925], [-6.943394361225732, -7.88607162798987], [-5.564825707579338, 5.171540335183102], [1.829748276959764, -0.20811083296876665], [3.0390723105537716, 7.099089398471448], [-1.9246320122665248, -8.856771183108838]]","[0, 6, 2, 3, 8, 4, 1, 5, 7, 0]","[8.0364, 8.1541, 8.2956, 8.4926, 8.5993, 8.7504, 8.8564, 9.0475]"
7,"[[0.0, 0.0], [0.5360880334491682, -6.600942326264255], [3.1354920019623744, 5.126678638381845], [-2.0000006068847824, 4.373869242322797], [-4.808490570557479, -7.41198667574259], [8.93955968994511, 3.0950388368195476], [5.1157935657943305, 3.7653627164959875], [-7.405386175331188, -4.410768943035784], [8.003748647253822, -6.7344306419609845], [-9.789863226538388, -9.426341311507482], [-5.03597145737044, -1.239245336029203], [2.6528064209850974, 4.760150729368721], [2.8027089009957518, 0.029491136625610537], [-8.762652693407922, -7.0007544722141795], [5.903771560534686, -2.159507373985992], [8.466789391155501, -2.522030777520829], [6.867196372803377, 9.413018736784974], [-2.9401450295175042, 8.514294383701529], [7.340833326228047, -6.650601666765736], [7.6215581418924785, -6.898214309869102], [-9.784631254873785, 2.524793967417928], [2.0243886683154066, 0.051305760981586346], [5.52753247211092, 1.4346489071502013], [8.99263080532712, 8.608396356806672], [-0.5927487868099472, 3.7294959281664237], [-3.2779781092707143, -7.657741668021356], [-2.855048082845217, 8.29390176093171], [-7.358315597803209, -1.6801613859738378], [4.305187915964373, -1.0264611981309297], [9.201573639275537, 7.326974831118854], [-1.8727285210551852, 4.0414005294546556], [-7.057004023468874, -6.991516687738056], [9.463848964686544, 3.7663048507542918], [5.327157934536999, -2.4041687336791107], [4.357780866225806, 9.5195595136288], [-5.96675681664933, -4.656158647631732], [4.736019966561745, 0.1766485576415633], [-9.292364938683876, -8.74431471719799], [-0.6868579738707545, -5.741755867901195], [-7.281679743417819, -0.8681405750171951], [0.37094408689218383, -8.456856287225875], [-4.485398738417727, -5.628506346958726], [6.7137969698848, -9.709433182724727], [9.184935712278321, -5.664449962558768], [-6.2213481450075765, 0.37214239836829854], [-7.583272813804962, 2.918148851469695], [-4.481570009518714, -4.354497663744987], [2.8365553278374183, -9.802009197415632], [-5.689516467799704, 9.415542476369513], [2.976232673898007, -1.2880200138750357], [-4.88122327333161, 4.648244242301175]]","[0, 6, 5, 4, 1, 5, 5, 1, 3, 1, 2, 5, 0, 1, 0, 3, 5, 4, 3, 3, 2, 0, 0, 5, 4, 1, 4, 2, 0, 5, 4, 1, 5, 0, 5, 1, 0, 1, 6, 2, 6, 1, 3, 3, 2, 2, 1, 6, 4, 0, 4]","[[0.0, 0.0], [3.141264467931305, -0.5378226147440174], [-5.850836228630868, -8.085853087288024], [-7.420556882164148, 0.38305407645838224], [6.538381224457692, -5.878359817016972], [-3.8173833932989885, 5.946525669562155], [5.79311310841611, 5.581091811372725], [0.20107004051150767, -8.452769037692317]]","[0, 1, 4, 7, 2, 3, 5, 6, 0]","[8.0658, 8.2218, 8.3806, 8.4949, 8.6737, 8.837, 9.0174]"
8,"[[0.0, 0.0], [3.1787682464123375, 3.4372210537982983], [3.766890978267698, 7.58053509520737], [5.724181630632488, -8.375231244811449], [6.695136403298687, -7.841391444942878], [0.21346078637883892, 1.5102732115803725], [-1.8500938248963177, -8.25511650557397], [-7.906918329321013, 5.690444381987167], [-8.766771554175756, -0.33057821795572906], [0.7616734221859396, -3.3577548987254158], [-6.598227596917394, -1.393483998535789], [8.216036055026684, 3.2229859148831252], [0.7993107572314369, -1.3905040168690022], [0.41062435620863624, 4.863525778248343], [0.8014401892594947, 7.603155519094667], [3.0948226991439736, -7.410323224805849], [0.13729396414592188, 3.5796229223346625], [7.249708973638583, 2.565520695591097], [-5.137109382346175, 6.275788833094545], [3.2930100200313035, -9.321883510458948], [3.5137539708556034, 8.819273600004841], [-7.900261466458796, 7.464185930465845], [6.954309766044247, -1.9795294526405236], [-4.910588110421587, 0.02632308724263055], [9.477685011373115, -7.210549433711653], [-2.1881490382555357, -0.3144710199804983], [-7.82718169577233, 5.545686714170584], [3.0572066907714337, 8.725066255155742], [2.871972748877676, 0.7868875227021572], [7.257935966735655, 6.458038497759482], [0.7176062581744951, -3.1644309853470087], [3.266446049274318, -7.094390353252602], [1.883525959993321, -5.104589509736844], [5.971926876294484, 3.638583870073493], [-2.7218573367873944, -6.000458959274115], [-5.450083507296433, -1.9052854208312269], [8.85231865321143, 4.025984094582158], [4.907383799818927, -4.017376016756968], [-4.267015206019218, -4.232926531029135], [-4.565331085590945, 2.4374364898407386], [-3.4114061320198497, 2.983628628204059], [4.474027292992648, -6.084574636222186], [-0.2498593253207737, -1.3121711689075788], [1.6642053598698752, -6.877234828675645], [2.612498831717968, -6.5195282407376105], [9.714379271914318, -0.7674533333632994], [-9.292493949729622, 4.508866770770899], [1.0539356726405629, -4.065321699293185], [-4.982022739251724, 3.2523292031001425], [7.785532976419162, -6.841074665082402], [8.03273092582365, 9.083494168803956]]","[2, 2, 6, 1, 1, 2, 4, 0, 5, 4, 5, 3, 2, 2, 6, 1, 2, 3, 0, 1, 6, 0, 3, 5, 1, 5, 0, 6, 2, 6, 4, 1, 4, 3, 4, 5, 3, 1, 5, 5, 5, 1, 2, 4, 1, 3, 0, 4, 0, 1, 6]","[[0.0, 0.0], [-6.443678962077607, 4.8379751275894805], [5.684057043844188, -6.14737593291796], [0.5657166563819006, 2.3935924216547533], [6.7450785933805015, 1.1735357246679459], [0.08879166923952683, -6.04071017280982], [-5.46086943771023, -0.4216051532658587], [4.64384025319194, 7.110721863101395]]","[0, 6, 1, 3, 7, 4, 2, 5, 0]","[8.1051, 8.2165, 8.385, 8.5416, 8.6848, 8.8341, 8.9372]"
9,"[[0.0, 0.0], [9.652915491990854, 6.211964725569775], [-4.892918345843116, 1.7690348325981766], [-8.280152287830154, 3.8264683935121173], [0.6050428546211872, -7.686123189346919], [2.6168071240236035, -4.036109165266712], [-2.098859156638449, 0.9156652376523393], [9.094491099135002, 6.206348823666566], [-1.8132965459457182, 2.5051077771775976], [-9.083022433805365, -7.514447388814112], [-5.025911519441459, -9.27096199179227], [-8.393285901753094, -4.134479204771926], [-2.1718715423924735, -6.029481642920212], [9.14253004859755, 4.280711042635506], [-0.10817300231062177, -2.4862590120381256], [-7.945837961844924, 7.2918107765642795], [2.3305867188226905, 4.064610319107793], [1.53646530594151, 5.502322787175192], [-2.026327614713173, -4.0178454791670815], [-6.128578490606486, 7.092037162579622], [4.169299990385063, -3.150296867699258], [-9.843963423978867, 4.535013749105408], [1.6595076156023918, -7.896060943771792], [6.836746616672073, -5.165681131655033], [-7.807916385713288, -3.001421968938523], [-5.756096674213172, 2.660758823376568], [-5.720343036836562, 7.118346178280039], [7.380816863591566, 8.929558581268452], [5.966223480998398, 8.41132370625121], [-2.6702573886891923, 2.872941748244898], [5.166619204431074, 9.32626637913031], [-0.9421387961204264, -3.5730900344688443], [-1.3627592214169049, -9.706676654609543], [9.824511816156843, 1.5477091573340438], [-5.859923875651358, 7.958678690212821], [-6.947450591533146, -0.3360067255725987], [8.435433320428793, 5.130377176232859], [-6.10510990853869, -5.332838688331898], [-4.767497262949303, -8.147832957701855], [8.639060993092091, 9.69559090785783], [-2.1564211155917246, -5.955561247531344], [-5.325966658083383, 8.881322882228975], [1.4191217109208747, -1.922688991363497], [4.432005487686638, -3.8185530956832103], [2.6409846839222695, 2.195054952391086], [5.9480804856079335, -6.920871875701855], [-7.693882367839999, 7.375632679193206], [7.989063934551957, -7.7266163026988455], [-0.5363203403904127, -5.675900734217361], [2.1941718889915904, 1.492265417805152], [-5.533716591405624, -2.228318338016262]]","[0, 4, 3, 7, 5, 5, 3, 4, 3, 1, 1, 1, 5, 4, 5, 7, 0, 0, 5, 7, 2, 7, 5, 2, 1, 3, 7, 6, 6, 3, 6, 5, 5, 4, 7, 3, 4, 1, 1, 6, 5, 7, 5, 2, 0, 2, 7, 2, 5, 0, 1]","[[0.0, 0.0], [-0.21948219943011327, 3.038073166012882], [-5.81374368803441, -5.585489875219143], [6.526748939646194, -5.066700056503963], [-5.827639484088609, 3.4880144867910094], [7.235000155324541, 4.245086643056524], [-0.18723032943519208, -5.615047185967655], [5.984951082787468, 7.355004895204264], [-6.044864024231168, 5.108642903722071]]","[0, 1, 8, 4, 2, 6, 3, 5, 7, 0]","[8.0582, 8.1992, 8.232, 8.3939, 8.4946, 8.624, 8.8024, 8.8808]"
10,"[[0.0, 0.0], [-7.8364534838916615, 2.2488103785820517], [8.03819961593923, 2.9036646032899966], [9.70196575712854, 2.870017862748931], [-6.9877264211005, 2.088667194776532], [2.3745634161790914, -7.773392045008931], [2.9527129860780263, -0.2830130859413451], [4.5834443001311485, 3.3213152068795644], [7.426986792895672, -3.7597858218891673], [7.725334067384772, -6.708242381391003], [-2.3251524141373103, 4.019721464750415], [4.089397081799897, -7.677665507311837], [4.465246114846142, -7.760717846376497], [-7.184186726582817, 5.549948407181692], [-6.891917683669986, 6.557486613607455], [2.69455767593929, 6.54327892519354], [-4.207049004772337, -7.73445051889211], [3.8256846240485043, 7.6076982833308975], [-2.6962049610751997, 9.659466698416267], [-5.877084482017027, -5.358734504998797], [2.127482017068118, -7.228522003877098], [-0.8064915755084137, -5.70872380949991], [1.5940733610782232, 2.735441071857821], [5.221407319917535, 5.911087570190167], [9.564673302264989, 8.210969533457245], [4.5179921472705065, 6.246829043997547], [-5.154246920016008, 7.067828716170009], [-7.079973602445584, -3.525711179490905], [6.598100676131168, 8.391214549664294], [1.99341638966051, -8.177860775258491], [-0.3221580380090856, 1.8915569978525753], [-2.1245551526284734, 7.2511663213599], [6.670671326668682, 2.6775184263828855], [8.732248191717773, -8.430654343282939], [-0.994202875551867, -1.3961058960037178], [-9.634774831286295, 4.150963599358102], [-2.879699589238422, -3.6111735819496493], [3.10400085563802, -4.545398481207008], [8.719479977038716, -7.883032272831905], [-0.8721539261214968, -1.283145476948114], [6.561324992859998, -2.683513235012846], [-5.401669389325594, -6.500641465726787], [-0.0700258668255227, -5.299024667180456], [-9.490450222294982, -7.865506924244943], [-3.5358439777943573, 3.741849411619505], [6.702964847098521, 1.6702951520220175], [9.069742345335516, -2.1045876496121574], [-3.9929165831277036, 9.04283199172935], [6.571357796610634, -3.477579803709472], [-8.135859152859492, -1.012136879264931], [-4.190623280974517, 8.580336423755728]]","[2, 4, 1, 1, 4, 0, 2, 1, 5, 5, 4, 0, 0, 4, 4, 1, 3, 1, 4, 3, 0, 0, 2, 1, 1, 1, 4, 3, 1, 0, 2, 4, 1, 5, 2, 4, 3, 0, 5, 2, 5, 3, 0, 3, 4, 1, 5, 4, 5, 3, 4]","[[0.0, 0.0], [1.8968365540292336, -6.540802215421451], [6.196114687821837, 4.938402581735874], [0.6824813668662748, 0.40572481730542204], [-6.161079133800547, -4.9616078352509305], [-5.374529910289447, 5.9093942043657615], [7.042702881303096, -5.177192465270424]]","[0, 3, 2, 6, 1, 4, 5, 0]","[8.0194, 8.199, 8.3943, 8.5103, 8.6819, 8.8896]"
11,"[[0.0, 0.0], [8.966953234666391, -2.3905305282328904], [-2.5578738135515007, -4.441178681996687], [4.769377821253711, 8.053949007188201], [-4.427212563850476, 5.626892205360157], [2.548487704596491, 4.664528286669551], [1.3122873250719476, -6.593583894071438], [-4.080751305355108, -8.854855796852872], [-6.527894022336769, -5.061361103426563], [2.6846733172715727, -8.11758742678738], [-7.749444494149635, -4.818835720168824], [6.314213659753303, 2.5914048049188274], [-9.517231758321296, -8.543613811070818], [-6.424193055945935, -7.052223053284548], [-5.868906789062356, -7.242113123691512], [-0.521378051172853, -0.14862878876480856], [-0.764699674408341, -6.0569528755250035], [-9.732113356376274, -4.225599398420419], [7.955210826147244, -3.798450090738516], [3.9774498614583713, -4.410632186216635], [-1.8344767054069795, 4.610657543957542], [1.6896573740321799, -0.24216727485994483], [0.8992073033129326, -0.38950376019779753], [0.5687524631128831, 6.3744558132892415], [-4.471645227346599, -5.250577346743379], [0.9289564228837719, -7.829696578223508], [-1.4636886592660971, -7.529649438576255], [-1.7638645230814731, -5.062185343869794], [-1.8956039966233007, -1.701620485386563], [2.921210750479693, 8.652291172847349], [1.409235705232053, -7.884171041143961], [5.15971750495334, 7.748101565426985], [-4.255392910963634, -5.394281495871322], [-8.099370859362589, 8.248292722064406], [2.1651913382153847, 7.821906873012562], [-9.64312647021712, -1.8938166177631555], [3.4847327508704993, 9.136454754148634], [-9.62873585055636, 1.5046757610145516], [-6.686625057803477, -6.892559341400554], [8.189501438017878, -9.289469922208465], [2.7227319256024973, 2.1276600489641684], [5.149191583495238, -5.876195869767504], [8.716199419549472, 8.131840736247781], [1.7483643978320131, -8.291825828137524], [8.611707082322173, -5.067384868521794], [-1.2561884749040697, -5.505775389908258], [-4.874873846889496, -1.1507279134072128], [4.894105210402378, 4.689763358129991], [8.785809490831557, -2.2114797581524996], [8.071127530204208, 5.305483501451471], [-7.822579844589603, 1.4869572677053888]]","[0, 3, 0, 1, 2, 1, 0, 4, 4, 0, 4, 1, 4, 4, 4, 0, 0, 4, 3, 3, 2, 0, 0, 1, 4, 0, 0, 0, 0, 1, 0, 1, 4, 2, 1, 4, 1, 2, 4, 3, 1, 3, 1, 0, 3, 0, 4, 1, 3, 1, 2]","[[0.0, 0.0], [1.3203123555840495, -3.5168431126868493], [4.957483189956909, 6.468900809160834], [-6.104724932010018, 4.417308249725538], [6.762428809858996, -5.46375822827205], [-5.875251114657054, -5.1219340445178645]]","[0, 1, 4, 5, 3, 2, 0]","[8.0865, 8.2184, 8.4496, 8.6236, 8.8572]"
12,"[[0.0, 0.0], [-6.929936171239981, -5.029421053737506], [7.2600061987924, 3.0740862010702017], [2.9019099544629547, -8.288162634305522], [-6.014552958959605, 7.928299052037218], [-3.3803755004646607, 3.8130610499582023], [8.37240024528257, 8.182563816553554], [-3.164266054312339, 6.270408293943667], [5.023769756398504, 8.96520846110031], [8.264927312757887, 5.5666238160587955], [2.7902759058209305, -0.32523881975705926], [-2.318951500695814, 0.23358045994519472], [-0.5353681062500204, -2.183474199448665], [-1.7762908320982884, 0.06030890322620053], [-5.770510931376456, -4.344611017431301], [-1.1378223478892089, -5.418237108103517], [4.221764620198478, -3.337645628383221], [-7.087512484818923, 6.354723565393911], [-0.2830199171788994, 9.85432921668745], [0.6903194736260136, -5.956433749868335], [9.73619334354224, 4.319340422459977], [-0.626444770164575, -5.279937950715152], [-6.6142221086122355, 2.3647200901938703], [-4.541470780349448, 2.3882508472923867], [-9.638303587480326, 6.023549843307634], [-8.229282349748473, -4.5774822199952165], [-8.698856507119395, -5.406700601330831], [9.712594891547866, 7.740052580906337], [9.053030247899684, -5.485582587649218], [8.067362625109332, -8.941753290825078], [8.33195055989427, -1.333436307718106], [-7.4720075783815965, -5.814876284866286], [8.79472072257753, 8.998228197097696], [8.610589545319375, 0.256912122662996], [9.49699674666832, -3.4186525323796113], [9.469641391200302, 5.788836193340101], [-8.414007834019063, -6.99503858583884], [9.098941941573145, -4.235516728824407], [3.3382528295841887, 0.5020025498714098], [1.9032607608043826, -8.562511429523065], [6.4645556140719975, -5.645332661354492], [2.833899548070338, -0.42744886685655636], [-7.748718387164891, -5.885910878538807], [7.833872132070091, -0.34111469791907645], [-6.197342021923018, 9.0153274203415], [-5.75566150734633, -9.997986596435766], [1.8173659650379825, -9.298528992683035], [-2.718706104670159, 8.434592749342222], [-4.944962160487416, -3.3678277191270816], [7.085086053351379, 6.3025022166617966], [-2.8229512481708996, 0.8196411790196922]]","[4, 1, 0, 3, 2, 8, 0, 6, 0, 0, 4, 8, 4, 8, 1, 3, 4, 2, 6, 3, 0, 3, 8, 8, 2, 1, 1, 0, 7, 7, 5, 1, 0, 5, 5, 0, 1, 5, 4, 3, 7, 4, 1, 5, 2, 1, 3, 6, 1, 0, 8]","[[0.0, 0.0], [7.023234232101163, 5.95043320440842], [-6.51528705708646, -6.4380849427265945], [-6.655820246125456, 7.812102999282544], [1.6218284840852686, -6.299699444197822], [1.3517280940119583, -1.8278289104849414], [7.929985952258603, -2.0891738132900577], [-1.5623515743053595, 7.927446070767402], [7.927200290055149, -6.902609762017519], [-5.276408318493446, 1.802161473148939]]","[0, 5, 4, 8, 6, 1, 7, 3, 9, 2, 0]","[8.0568, 8.1415, 8.2647, 8.3505, 8.5099, 8.698, 8.7908, 8.9233, 9.0974]"
13,"[[0.0, 0.0], [-1.5588803050197768, 7.118088324929435], [5.5750390947091155, -7.624472278050483], [9.983386979611506, -6.400642067981266], [-6.571874729023719, 3.8299223721689284], [-8.025055749775616, 2.394587319120788], [-0.4763611320871739, 0.2874207512774074], [3.196311088007729, 4.037745834491549], [-6.85948707328687, -0.7143991279098767], [-3.840419681846292, 7.284150545749679], [2.82779439746691, 4.062152429083447], [-9.100400157028531, 4.214785243952679], [-4.797238256609639, 3.5032471208444598], [1.6530968708368547, 9.437128797222101], [0.3028389676125087, 6.184114185075941], [2.386756724720307, 0.15357862448110282], [4.521805810866633, -0.0744495895496371], [7.407301227269041, 2.6590367882641317], [-4.086929990071859, -6.5793256493817225], [3.399139178455995, -7.371780101514105], [5.452818831173369, 4.315996557633305], [-4.733994061810359, -6.9790503357632865], [7.191766516175896, 5.97343323187679], [2.617474215474175, 7.422338209051887], [8.388023546838351, -1.2629036353894936], [-2.4241230448627915, -7.8108003838160345], [-9.421265558990905, 8.415937163317913], [-7.085140624922066, 3.2143334743917684], [-6.646532357795179, 6.052297604476955], [0.3652673605050065, 3.6163872167963422], [3.9258578569633418, 6.90923618948322], [-3.7356150754511237, -8.448160960100939], [-2.2773719656627067, 2.8830378257204003], [-3.683270953397562, 5.585218912582214], [-8.639501962196022, 8.71533724249852], [1.8261082716961745, 3.8641844689079274], [-5.958626977723956, -9.66214786056291], [-3.554329166759837, 1.1258043645803344], [4.276981497514644, -9.918631611646763], [6.364977162825124, 1.0278627055059175], [-6.028021346850685, 4.9413714664333614], [9.598097028827251, 5.94460406959827], [-7.048743746917017, 1.3873721341518355], [-5.877024631590599, 7.567211690947918], [-0.3232224532095369, -2.0273967336255083], [0.08825149074031557, -9.069968531015945], [6.0433615262637765, -9.462268431947017], [-2.598196574090501, 4.862655172769863], [-8.890569725383468, 0.652226924088664], [-8.754916822911484, -7.712930099203206], [1.130056524638185, 7.013503407125505]]","[0, 3, 4, 4, 5, 5, 0, 3, 5, 2, 3, 5, 5, 3, 3, 0, 6, 6, 1, 4, 6, 1, 6, 3, 6, 1, 2, 5, 2, 3, 3, 1, 0, 2, 2, 3, 1, 0, 4, 6, 2, 6, 5, 2, 0, 1, 4, 2, 5, 1, 3]","[[0.0, 0.0], [-0.6050567934646346, 0.8723658080647398], [-4.285000663587496, -7.995877475005213], [-5.590869366554215, 6.837651333558979], [1.6077621100165311, 6.143431887905263], [6.8027963376895855, -7.607735846104346], [-6.007935855481644, 2.239876952771026], [6.474666408417402, 2.7410218818187997]]","[0, 1, 6, 3, 4, 7, 5, 2, 0]","[8.0264, 8.1474, 8.2368, 8.3774, 8.5247, 8.7149, 8.9193]"
14,"[[0.0, 0.0], [7.722076671087322, -2.064934699842209], [3.594779904063813, 6.039914820837652], [-0.36686604590622096, 9.344308225557661], [-9.668011894082492, 9.96147408968434], [-5.947665414636301, 4.511987576540351], [8.767194763823664, 5.4733477629572995], [6.203783600527586, -2.3049826627359282], [-1.9347743495721765, 8.074878489920593], [-7.645149512930587, 7.3218775731772965], [-1.7893472661819754, 0.7887824679962012], [3.5204113377091595, 7.0909466621797], [-1.5378592093837344, 8.346112489046945], [4.271712033927962, 5.6164619066198735], [8.040644432683301, 3.519696730870157], [0.7545357834403319, -9.39468116215859], [1.0047256380197762, -3.0443970890248533], [7.580162114148841, -0.45019319709785677], [7.46962233855276, -4.8813156151284165], [8.382586453877966, 8.85801195938696], [-6.493143591303811, 5.925742690441762], [7.594495368673563, 7.2246592353635535], [7.731350045188044, -5.23327616748144], [0.054457194476498216, 6.134793737036766], [5.179292262636652, 2.9909302012831134], [-3.690797671072847, 7.831644401012127], [3.4366099718046144, 7.752815713903537], [7.4289466071348045, -9.688048059986302], [-2.8464480006378956, 0.30225697828817566], [-3.2901003711570143, 4.5460187819487], [-9.11733592553557, 9.915394249913493], [-1.6841311630862847, 7.637857428167393], [-4.208725029362165, 1.5743303702757139], [1.3413147899400215, 7.595912777203534], [-6.532035498280262, 0.4634133340337083], [9.575544555959496, 0.39435411091908], [-0.3934057790836434, -4.46897608677796], [-8.737947639626743, -4.080046597500678], [9.655568199831961, -5.249817497712527], [7.660604241978014, -2.085718124433045], [2.4120808022848763, 3.08740580356236], [6.094093239104396, 5.620135339517729], [-4.524419453807596, -0.4995884241944921], [1.4871451667594187, 2.0375437874015123], [-0.3788890879870017, 5.818056500792128], [-5.383099214302945, -4.237536669548954], [-0.5742695919967762, -7.104536737294341], [2.621631037996938, -8.801709689629364], [-1.1784684630267854, 5.571579675288845], [-2.4721896816786515, 3.013629497730019], [9.840437878541948, -1.8388188640313547]]","[2, 0, 3, 7, 1, 1, 3, 0, 7, 1, 2, 3, 7, 3, 3, 5, 5, 0, 4, 3, 1, 3, 4, 7, 3, 7, 3, 4, 2, 7, 1, 7, 6, 7, 6, 0, 5, 6, 4, 0, 2, 3, 6, 2, 7, 6, 5, 5, 7, 2, 0]","[[0.0, 0.0], [7.7048628071398255, -0.8363246275281262], [-8.731438284510544, 6.52969054335589], [-0.6572793903920905, 0.8011197811962478], [6.060828283912576, 6.376918563595488], [8.098227305155477, -6.41074440491788], [1.3167763100914636, -6.296979824927708], [-7.078304268160424, -0.7239272392616726], [-1.1486195947606623, 6.523604694771988]]","[0, 3, 7, 2, 8, 4, 1, 5, 6, 0]","[8.0261, 8.168, 8.3269, 8.462, 8.593, 8.7508, 8.8571, 8.9822]"
15,"[[0.0, 0.0], [-6.884986648631641, -3.179408000854698], [9.934835721398521, 0.44433436148306704], [6.283043092870219, 9.163347204177668], [-0.565808715952695, -7.501801528247045], [-6.3188594488499845, -3.771793688732574], [-4.052782233929717, -4.648547605061792], [2.5174177636048363, -7.604951895268643], [-0.4291464436683796, 5.0571577443914], [-1.710421949468163, -4.4640576769839075], [6.05185553765984, 4.308363011154398], [-1.320840370268927, -9.191707721925411], [-1.376088041361971, -3.165599724360102], [6.645405134124836, -0.2840797206395642], [-3.068795336595165, 0.07737245552849714], [-3.6520214642062605, -3.9223279507794935], [2.2708344809791505, 0.26427312959018323], [7.467965226537711, 0.5434518363995018], [5.9457444175377, 2.1903618852071087], [5.358685545054033, -6.644656167026854], [9.392299404449325, -3.9381059921092483], [-5.448849580643367, 8.13988937532023], [-7.607241082646672, -9.012722534039792], [-2.7452582341447718, -6.96969991072895], [-3.2262986471343336, 7.260085342763951], [8.136335091342406, 5.979579906579772], [-6.808224982197921, -2.372980388821338], [4.417428314160512, -3.6707209060988877], [4.755848770700634, -4.487094987499891], [8.685613100369313, 6.5699147391847], [-9.913574419180744, 0.6122448631595638], [4.806382097968076, -7.255404187482231], [-6.401160279043953, 9.447833208928877], [1.984028805224332, 1.9496877730682485], [3.5762845290641323, 9.439569694375972], [6.083677628573344, 6.833538113717019], [8.409181493040414, 9.650578154013399], [-4.900880027158021, -0.4217278591954692], [-2.248615759317598, 7.203916078215666], [-5.745947699139016, 5.316408277777981], [7.235414804022515, -2.1438519391571376], [6.176932377257085, 4.379347967912707], [-5.832124182366265, 3.4089601606892472], [-7.800436925734786, -3.7230759497857946], [7.394077330143421, 5.569961077574261], [-5.83712600191636, -8.189720488132373], [5.111514696059302, 9.286992682635848], [-2.163100678287968, 5.01959389083849], [3.8084154366550855, -1.7584548326907452], [5.533238809052337, -5.045028806290384], [4.461764024841994, 7.069117431507543]]","[5, 1, 0, 3, 7, 1, 7, 4, 2, 7, 3, 7, 7, 0, 5, 7, 5, 0, 0, 4, 0, 2, 6, 7, 2, 3, 1, 4, 4, 3, 1, 4, 2, 5, 3, 3, 3, 1, 2, 2, 0, 3, 2, 1, 3, 6, 3, 2, 0, 4, 3]","[[0.0, 0.0], [6.684107824600047, -1.3378597775872745], [-7.261112235987762, -1.0094736496160626], [-4.084792423033358, 6.345097448487252], [5.667442712059665, 7.665432235932034], [3.787982498401418, -5.562069574810423], [-0.4451717663766882, 1.448031681630296], [-6.8081433563976805, -8.392395800654933], [-1.1683260003455953, -6.12144426469585]]","[0, 6, 3, 4, 1, 5, 8, 7, 2, 0]","[8.0338, 8.1863, 8.3837, 8.5622, 8.689, 8.7872, 8.9291, 9.0731]"
16,"[[0.0, 0.0], [-9.104801726200202, -3.8837430437330394], [0.18093626727259782, -1.2309735910159105], [5.111039429915689, -9.811159271787666], [2.7584153211084192, 8.737531041958107], [9.451671789667422, -9.104383139923746], [-6.029656049067144, 3.405953834392159], [-5.706887904594826, 3.756884513853665], [-7.987121867467939, 8.702716733560393], [8.428233915643911, -9.416555664999562], [4.8695561307985695, -8.124609362116626], [-6.97664625573511, 2.58754746741927], [4.429913340379672, -5.137840549338044], [-9.06402915521605, 7.114029027650151], [0.85168379322762, -3.6741687169139814], [0.12935926082245963, -5.976988109113752], [1.133199311085189, 1.368196495898017], [-6.603588617295884, 1.2900023805894847], [0.9335607368396452, -3.7855276698202527], [-4.69317298253112, 6.329934733754271], [-4.426119824751149, -6.066477041371319], [-8.532425684173218, 1.549640495428994], [-5.241921420609188, 0.4159087146634519], [-1.8782918015751182, -0.2777636013855993], [-3.4148677345938117, 0.359440388690345], [-6.356021089152383, 7.669748483080301], [-1.0720719245140202, -2.844312895397234], [-5.716735731319009, 4.995489822419387], [-2.6872856161734333, 1.458567158686071], [2.6092684074143886, -3.013715036405169], [9.26592686304489, 9.595029877766063], [-4.56983590761137, -4.49614535954267], [-8.106245316100942, 7.588205649017592], [-7.805797649024598, 0.32099137165566205], [-8.127507119040159, 6.736491240846981], [-3.4572001820800597, -7.903018180245109], [-8.196859129965837, -9.112552584320301], [4.517595016441376, -1.5810904471642644], [-4.345568492040197, 9.739777948403987], [9.26461578494354, -4.582625336701074], [9.727010330025195, -1.1380026039285358], [9.002401405166239, -8.934542766132328], [3.7374673135429504, -5.805789513700191], [-6.579643854912134, -8.630130397718368], [-2.0630473146435158, 5.239412226883742], [3.339451194470321, -9.634369374674192], [9.200467493124727, 0.22053469413599203], [-0.8827667986169558, -6.828086093382295], [-5.717428392105299, 2.014379495742716], [5.026475023894061, -8.794007217277194], [-3.376999705102371, 4.903480623690042]]","[0, 2, 0, 1, 5, 1, 3, 3, 6, 1, 1, 3, 1, 6, 0, 0, 0, 3, 0, 6, 2, 3, 3, 0, 3, 6, 0, 3, 3, 0, 5, 2, 6, 3, 6, 2, 2, 0, 6, 4, 4, 1, 1, 2, 3, 1, 4, 2, 3, 1, 3]","[[0.0, 0.0], [0.7427708759486403, -2.3355120328351773], [6.927655612412016, -7.525290398084182], [-5.173977726479596, -5.837791358490506], [-5.344334872739246, 3.5639771090060677], [8.39197044860495, -2.275575761144199], [5.775304291973783, 8.26590956775726], [-5.964038680603228, 7.188446147014705]]","[0, 1, 5, 2, 3, 4, 7, 6, 0]","[8.055, 8.1927, 8.3124, 8.558, 8.7285, 8.804, 9.0345]"
17,"[[0.0, 0.0], [8.8751614011967, -9.000083288219445], [-7.037256306644048, -8.575163023310628], [9.731759283136267, 6.518529566434445], [6.0900342461600765, -5.434383739846602], [-7.593621543958311, -9.943391438865268], [6.50939466699332, -7.7034898667994085], [-8.823141300236445, -6.767808128726108], [-7.322227323880417, -4.002990709461658], [6.2515484468457885, 2.006656620709748], [-6.161123644710238, -2.791995574836152], [-7.307775532988606, 9.949941400442658], [3.648807456417911, 3.4094684350733075], [6.465425098026991, 4.2821539989222295], [-3.338345910129668, -2.032553935554258], [-0.38135105055376783, 8.449253575856023], [6.306939140790579, 4.829596099503835], [-3.747635506901805, 1.300465487287223], [-5.5653473734934655, 1.8609868941252845], [0.8509506397799882, -1.353363415285699], [6.665317329319031, -6.592387489908155], [3.8177563099458283, 7.322496029635278], [9.680985952224965, -6.0983914679813145], [-7.75382595108918, 7.447057338488346], [-2.6936541554937543, 1.2092823479985206], [-5.601201136413789, 6.283257828189331], [-6.573748543574194, -6.646808763540908], [-5.473458955176613, -0.4585434030897062], [-1.0579620596838168, -6.330726462897314], [9.3773044238037, -7.823541089539654], [-9.240741758285386, 6.741221727900385], [2.345402604531909, 8.466339268192094], [9.965608418843644, 7.0030080200676785], [8.527295166198375, -3.641582798852337], [1.5974388338571295, -6.481124345577598], [-9.008049168210299, -0.044832640288776204], [1.4531570714255828, 1.003576108130094], [8.033373208715805, -5.451608364219698], [4.006647894661235, 7.36552914575573], [6.092413348017857, 3.865056629975985], [-6.112318448191476, 9.465445843159475], [3.057672778007724, 1.8631289155574215], [-0.7595471629733694, 5.552265097920458], [3.5523479098293294, 3.958578917227591], [-7.05950963386929, 7.716124901279564], [-5.171797356603212, -6.116702173515436], [-2.173567432805454, -7.140261462915065], [-0.5168599168105068, 4.924345859332762], [1.5504193449624033, 0.7612272284921406], [7.092508811969026, -1.8861009483664315], [-2.727499344722146, -0.6577161657052422]]","[1, 3, 2, 6, 3, 2, 3, 2, 2, 6, 4, 0, 1, 6, 4, 5, 6, 4, 4, 1, 3, 5, 3, 0, 4, 0, 2, 4, 7, 3, 0, 5, 6, 3, 7, 4, 1, 3, 5, 6, 0, 1, 5, 1, 0, 2, 7, 5, 1, 3, 4]","[[0.0, 0.0], [-6.024818726664275, 7.088716775730517], [1.2145943623204905, 1.7920349640508317], [-7.3985826856096395, -6.636269025066346], [8.108797722168235, -5.1010649756928395], [-5.764861812896997, -0.17532487523334978], [1.575774612750219, 6.615434698616387], [7.684201467943074, 3.969781443192496], [-0.3263295245456609, -6.611964662741133]]","[0, 2, 6, 1, 5, 3, 8, 4, 7, 0]","[8.0537, 8.1463, 8.2903, 8.4243, 8.5685, 8.6949, 8.8721, 9.0448]"
18,"[[0.0, 0.0], [9.511928434275664, -4.877528665896933], [2.206928740413307, 9.158526752630223], [1.305854876157822, 2.785041131036399], [-5.960826350764221, -4.566925776548758], [-6.5215217673029535, 3.3735582769255767], [-8.183770656999593, 7.2996762595197175], [0.5623907900147795, 8.227727652524663], [-9.03363793347216, -1.1456663296396936], [8.402055207862759, -1.3175003833638144], [0.3927276180485286, -1.9866719664196957], [6.532322003247405, -9.210851913320415], [3.996221355820621, 4.928754398831787], [3.787546920769742, -3.1341460204770044], [6.819178510450101, 2.6635034823880748], [9.873658257998738, -1.5744767223928164], [-1.2430965330747341, 0.8901413628080785], [8.922766501558456, 7.961424477477511], [8.885582495358879, -2.8394964532115345], [-6.066648159581273, -3.9424512470651703], [1.3216338328172519, -2.3410734674028344], [-5.031807247106983, 6.479871804757067], [2.1094579598024747, 3.5116726683146133], [-7.957494443900099, -2.141370920781924], [-1.5885078089612765, -9.61320806001996], [3.787259788184068, -9.843648995439661], [-2.0812625984980375, -1.8148284298656066], [-4.939654163591085, -6.152756881477648], [0.8639489900413686, 4.54189870434149], [-7.984241474731979, -1.0444615580318644], [-7.783956000442462, 6.383389218715109], [-9.543365431043465, -5.609003203327525], [2.1427949122956775, -9.708880886480742], [-1.107699515829104, -0.8523575457930459], [-3.446637545344508, -1.8861241517454364], [4.4145865689831965, 1.6724323229557214], [-0.46515397514046164, -8.122559373456639], [-4.288070455517355, -2.964711087706082], [0.48900909362608225, -8.598466470296975], [5.970343564580302, -5.387355235113398], [-7.889745317859472, -1.741819242127276], [5.762067665768518, 0.8650912973495934], [9.279242339859486, 5.7941295247679], [-4.5878228001095405, 6.8341426690266225], [8.808220194336943, -6.444610851448667], [3.7646813004390722, 7.344611211833012], [-9.54991060247075, -9.502609870103187], [-1.5380157831775634, 1.3709361123620294], [8.320355995625686, 5.556611435894606], [5.316239874489348, 3.2510590011766443], [-1.6626373157075562, -0.26667478980419546]]","[0, 4, 7, 7, 2, 3, 3, 7, 5, 4, 0, 6, 7, 1, 1, 4, 0, 8, 4, 2, 0, 3, 7, 5, 6, 6, 0, 2, 7, 5, 3, 2, 6, 0, 0, 1, 6, 2, 6, 4, 5, 1, 8, 3, 4, 7, 2, 0, 8, 1, 0]","[[0.0, 0.0], [-0.14581447833903616, -0.1034609790729184], [5.185156948193043, -0.2334415129349965], [-6.076089279096431, -6.620456567958013], [-6.311612622752504, 5.938704218388516], [8.79010420418772, -3.088722791573341], [-8.36575225648323, -1.5136358710669156], [1.9615918701199802, -8.816763798378208], [1.9698446139822832, 5.950781116458733], [8.692182660860484, 5.566854582720671]]","[0, 1, 2, 5, 9, 8, 4, 6, 3, 7, 0]","[8.0045, 8.1021, 8.2174, 8.3733, 8.4999, 8.6476, 8.8169, 8.9502, 9.139]"
19,"[[0.0, 0.0], [0.41093715274216436, 7.391892035750253], [-8.822177986705126, -3.301371825370458], [0.5824815890019366, -6.783508031311703], [0.7642171810399319, -1.9973253081754727], [-5.754850090368562, -1.3625775771401791], [-3.141689750805776, -5.849239692819356], [-2.4476821309338774, 6.590743544485825], [-5.168465479448825, 7.400592603882785], [-3.019554338488197, 2.017661720330894], [-2.4581353222228426, 6.460631335135204], [-7.190137381111161, 1.6687414179390192], [7.66245762303647, -1.2067052495571922], [7.412008691164541, 1.2432294492314], [-6.689596150858055, -8.691164601581976], [4.211680733007066, -8.500716338744175], [2.647580983001177, 2.2941072831189047], [-4.988749990347348, 5.8714876190670395], [-8.58724026167341, 7.253982877379666], [4.117220260172774, 1.7169835235411526], [-4.598691885905426, 8.55017477150049], [-8.729440379225464, 8.0850777253595], [-8.139205464372992, -2.419808952425841], [0.552820049097317, 3.8559239655979027], [-1.8904554586271836, 4.204899073753348], [9.525264793108011, -6.3232876811679155], [-6.077982512357649, 4.19223330103776], [-2.8918553446529094, 0.6577893162694775], [8.781129452410472, -3.3635091999240814], [2.2093690408359183, -7.634103683855891], [-8.780505401593249, 9.330245211198065], [-6.806250836292882, -9.237966598870006], [0.10679503788242428, 4.263675502849582], [-2.898824304118852, -9.14665984730542], [-7.60473634580636, 6.085206167419866], [2.231332375039054, 5.385940703565353], [-1.7853777074433967, -2.8713896238914423], [4.59324170580884, 2.1144493399569377], [-0.7357904553979253, 2.3981955195297147], [-8.30563901855744, -6.6660846212862275], [7.233099464433735, -9.853296507531429], [0.9828255492237545, -4.932021627145766], [-8.095051589745676, -4.616857551949234], [-9.768874866190352, -6.380989787495508], [1.471695901671774, -5.8677596349521055], [-7.538495727916226, -7.972638156126437], [4.829911634128891, -7.135597913825471], [-7.7642202841300545, -8.747906397474239], [-8.146608749470444, -3.0316034314352835], [4.12980141996972, -7.261243140778209], [0.6179373468001366, -4.634992606443033]]","[0, 0, 1, 4, 4, 1, 4, 0, 3, 0, 0, 3, 5, 5, 1, 2, 5, 3, 3, 5, 3, 3, 1, 0, 0, 2, 3, 0, 2, 4, 3, 1, 0, 4, 3, 0, 4, 5, 0, 1, 2, 4, 1, 1, 4, 1, 2, 1, 1, 2, 4]","[[0.0, 0.0], [-1.1417624528474841, 3.7783009025618965], [-6.394329955158668, -4.930056995658003], [5.872455360207592, -5.846524013314271], [-6.392619444500607, 5.724574161665837], [-0.4632860150000909, -5.853411586168276], [5.763869524429146, 1.088977931101188]]","[0, 1, 4, 2, 5, 3, 6, 0]","[8.0879, 8.2164, 8.4063, 8.5284, 8.6413, 8.7668]"
20,"[[0.0, 0.0], [-1.855954107841498, -1.466665244891363], [-3.223757497552455, -2.0314050546632645], [6.610918986911777, 1.4102673270234316], [1.0485504841679916, -1.3395231825259941], [8.38912629851496, 5.761694826027558], [-8.16766609294325, 0.3590187701356875], [-2.9466683132235065, -6.439613436328999], [1.6468343548453923, -2.5680505571368206], [-9.277242023641, -0.7225652869470416], [7.153431882457607, -0.02422154026995038], [-7.093239694368025, -6.163107168155426], [-1.8445102978081351, 4.135951302772229], [-1.1696216780656066, 0.3749866482260238], [2.5198782974609735, 2.538765000242414], [5.673700808644632, 1.6288625783526776], [-9.958756251586966, -8.10172807189588], [-0.9821425280093017, -4.438235190076791], [-0.05999695522908155, 1.8101011009227221], [4.581817826671584, -8.753939584138514], [-7.680589428715754, 8.012438708637493], [-1.2389584992608444, 8.659180071656625], [-0.38386025077154606, 1.5021036837854496], [6.262316892466757, -1.891154002592721], [-1.2736148592757068, 6.671173705284282], [-5.678904139290511, -0.1272268662876801], [2.3649094282016705, 7.167300316292792], [-0.7457781765516476, -3.877279462096393], [-3.5611047173968524, 1.146604154734618], [8.598382657292042, -7.495731455100096], [4.87161701283193, 1.7140134822967585], [6.773665332682558, 1.25438583392045], [-4.269920443805413, 3.851052457100039], [-5.400896301486009, -9.419348707565876], [-6.4026228850118905, 3.67226171246212], [9.0191005891872, 7.907595555493504], [-9.615735433961367, 6.212032559603941], [2.05600029010723, -6.061918595576836], [7.388174673743734, 8.100006257093497], [0.3184987907083041, 7.444834886747838], [4.750834321774715, 7.904365158715404], [-3.5247925516234613, -0.03834091126663708], [-2.80939054855234, -0.7865172273116272], [-9.841754753965315, 5.823834296659392], [-2.388522560973316, -7.431120228521966], [-0.8979419840631451, -5.222287400843893], [-0.0026340382051142086, -3.3329575556156072], [4.299754811130871, -7.577246467419068], [2.209845066313079, -9.795879003511168], [7.984140242387944, 8.783788913385102], [0.2587629976414245, -6.197586247088309]]","[3, 3, 3, 2, 3, 4, 1, 0, 0, 1, 2, 5, 7, 3, 2, 2, 5, 0, 3, 6, 1, 7, 3, 2, 7, 1, 7, 0, 3, 6, 2, 2, 1, 5, 1, 4, 1, 0, 4, 7, 4, 3, 3, 1, 0, 0, 0, 6, 6, 4, 0]","[[0.0, 0.0], [-0.6738614529007468, -4.695644855766091], [-7.928735020325433, 3.2235250104978235], [4.799697638732482, 0.6164700080845369], [-1.3812795509502016, 0.03035985417884131], [6.362160307789607, 5.908976540326961], [-7.1188696421011715, -6.812907234912368], [4.767939817355425, -6.727348300028295], [0.03427657804414519, 5.904374123321472]]","[0, 4, 2, 6, 1, 7, 3, 5, 8, 0]","[8.0252, 8.1993, 8.3926, 8.5451, 8.6782, 8.8096, 8.9329, 9.0494]"
21,"[[0.0, 0.0], [3.103129165802459, 3.470951020223856], [4.549419318225178, -9.22079000574843], [-5.644921272015065, 4.577457230749431], [-4.863857810162817, 5.720678797730876], [6.9359507065097254, 6.681114268046034], [3.509376710436218, 2.789517662733701], [9.986196097354679, 6.001211966568757], [0.8254728232393749, 3.192468509063575], [-1.173614985516732, -0.7123761530676358], [-9.059026199804727, -1.76878039687365], [-7.741049412890117, 9.184181818265152], [3.662100584873569, 0.6236491816370222], [4.469591168388721, -8.212686070144548], [7.356428975002107, -5.1280732575679755], [-9.57875353064486, -4.3419806013620255], [0.7300645205272929, -1.2475595080745556], [1.9688219967383986, 4.320363544520081], [-7.818837400828336, -3.6502094488454624], [5.194070440967966, 6.288844670256701], [6.217209875647885, -9.398211289515624], [-4.24944063877086, 4.340887984655863], [0.7274289730344847, -4.747408030367182], [-7.244888309370308, 5.783185700949174], [0.06222155399441043, -3.3042639041794564], [9.365147343041652, -0.002401477892163939], [-7.350708882685648, 7.4885146513402425], [-9.918271733657054, 4.836085537545111], [-6.8817051675620755, 7.546753013341139], [-4.306848385421141, 2.2053251306395296], [8.565781756088061, 9.809724567371429], [-9.860094080153473, 7.317980314901252], [-2.048619131283738, -4.549127698014354], [-5.339621159580381, -1.173653663994445], [5.137699200646605, -7.789285136367692], [4.853034580171606, 9.824995958888657], [-9.343317911938847, -4.999602147886362], [8.91732902360047, 8.790427731867126], [5.87198615539657, -7.478495120115001], [8.719644589942263, 0.2849797291142959], [-0.5848891918081112, 7.685123931887382], [4.534168196275649, 2.5644319212272766], [5.012145132793238, -0.9981159112423281], [-0.0952813832840782, 4.2442396239388795], [-4.962517154072035, -5.894986803602913], [-0.8352334126891225, -8.621337580123583], [-3.5408601327861806, 6.626938897205548], [2.359594314239125, 7.515286137902745], [-4.695402227176471, -0.5788036452174605], [-3.4923722019347654, 1.695612625240262], [1.0509600020862724, 6.2156698034801465]]","[8, 4, 2, 3, 3, 1, 4, 1, 4, 8, 7, 3, 5, 2, 2, 7, 8, 4, 7, 1, 2, 3, 6, 3, 8, 5, 3, 3, 3, 0, 1, 3, 6, 0, 2, 1, 7, 1, 2, 5, 4, 5, 5, 4, 6, 6, 3, 4, 0, 0, 4]","[[0.0, 0.0], [-5.684623208865966, 1.0800713367814323], [6.674725722143497, 6.863206349334508], [6.019163699772902, -7.249221065746771], [-6.770540801150311, 5.90083499069481], [1.737067011883208, 5.680909343503477], [6.49481888197641, -0.0499720257356816], [-2.1345720729212605, -4.991430321226265], [-7.267424802630477, -3.6638341915386143], [-0.9963352552089935, -1.6484376574848785]]","[0, 9, 7, 8, 1, 4, 5, 2, 6, 3, 0]","[8.0473, 8.1273, 8.2426, 8.3553, 8.4605, 8.6159, 8.7249, 8.8513, 8.9904]"
22,"[[0.0, 0.0], [-0.4603280645030736, -6.234721719836511], [-0.7179540147651746, 7.825274359287462], [-0.8689449064172585, -1.013543082771161], [-0.8119762305600098, -5.902347200383986], [-1.3561485264718272, -9.812535560896894], [-8.524736182895264, 0.8364735047031697], [-8.98446309975178, 6.591456038174833], [5.346276574345744, -9.498010327339767], [9.272623980166792, -8.550537212287148], [0.826289028646114, -4.454357802503286], [6.8405463610168695, 5.8176578643027845], [-8.251335849198764, 4.534055053035626], [6.767166732685478, -3.089103030125253], [-2.6732415809742704, -1.969149286512744], [-3.9101432297051435, -9.003826593991631], [5.414573131016082, -8.884905045167962], [-7.456770700927442, -3.3894513930028687], [-0.9983063447483946, -2.4967475025242365], [6.7473217469040065, -1.7976690786784548], [4.4754483432149215, 6.533888596573853], [-5.075688374258204, 1.034621837613237], [4.786673605945905, -8.842956911570452], [8.093018530073302, 7.491187028900349], [4.442954396436466, -0.1681558919411721], [2.4610154483230158, 1.9443758453274977], [6.750380206672833, -2.8247343268885183], [-1.5801289983224098, 3.0599408573644844], [7.265932562058005, 3.7219670727930687], [-0.1896801926841576, 5.213009684440827], [-4.621217360539527, -3.7186131442199493], [3.0654200263706617, -9.3892530246018], [5.732632961851433, 4.398752194950184], [7.295698075189176, 0.5841711120812239], [0.4117173042941058, 9.829363882722035], [4.588260561801148, -0.18817049240278294], [6.108783044191391, 1.3227913165532676], [0.002897840337997337, 6.252169589507577], [-6.3297934378087195, 5.185728653049448], [-9.167130625982418, 6.131691243678073], [-8.219146790905096, 4.274845693302588], [-5.498089277335798, -4.539693594153822], [4.359136823777682, -7.583710263896554], [7.767592733105349, -6.043188040096695], [-2.236354177926061, 5.988740496325489], [0.2826189379749007, -2.1658549607242588], [-4.25297539997135, -1.0507412793992188], [2.0756389119288485, 8.025232126851634], [-0.961060314284234, 7.266760466576571], [3.0142823946142183, 7.107311178115076], [5.792898100142338, 4.7864396997756735]]","[0, 2, 3, 0, 2, 2, 4, 4, 5, 5, 2, 6, 4, 1, 0, 2, 5, 0, 0, 1, 6, 0, 5, 6, 1, 1, 1, 3, 6, 3, 0, 5, 6, 1, 3, 1, 1, 3, 4, 4, 4, 0, 5, 5, 3, 0, 0, 3, 3, 3, 6]","[[0.0, 0.0], [-3.2954354077608436, -2.629099049190015], [5.320309359465692, 0.014596177927099108], [-0.9280744911931413, -7.243549433834088], [0.6189262534954458, 5.8461826209446235], [-8.616360540702152, 3.7230013806765845], [5.916942318568259, -7.209694951797492], [6.3340459230869754, 5.806826713020786]]","[0, 1, 3, 6, 2, 7, 4, 5, 0]","[8.1059, 8.2305, 8.353, 8.4923, 8.6136, 8.7161, 8.9184]"
23,"[[0.0, 0.0], [-9.746730349285237, 5.976638771087535], [-3.1098976653056942, -6.499783616375286], [-2.6236747669611393, 0.20565274268757427], [-5.210880757660985, -4.064562515230962], [2.367737216321931, 5.698672605743209], [2.2238081868603015, 3.2762542152377687], [0.7431294029782709, -0.806690372263084], [-2.754802996874421, -0.560648001522166], [2.1483637135000038, -6.0041150257494795], [-5.9894518792152995, -6.1583607605088275], [-6.013257131274297, 7.07683134702938], [0.03139291444862913, 5.175399211219746], [-7.582057353605666, -1.405837564723619], [-9.448754468107307, 6.49391004283758], [2.8394519019585616, 3.017747470534875], [-5.076061204287856, -4.318714951391138], [5.131225564549691, 3.5475120889996763], [-9.368662065718727, -0.9785827443609492], [0.11848830001405375, -3.9273687838427733], [0.25101865425666325, 9.72082901955227], [-7.1142696495029645, 1.1510435785061226], [2.1460442418569556, 1.3587793506445927], [-6.442356170611188, 7.086759451722443], [0.9550963684204952, 8.236660705333332], [4.230347742958893, -1.582169754332341], [-4.777792474401334, -9.121700139636639], [-7.078098442763638, -9.345405429343145], [-9.713386172586924, -0.12391247587784093], [6.040447456653677, 3.7338546676925084], [-9.484056834908998, 4.940151987860633], [-4.586851684458391, 3.4068461747720065], [1.7031290710657387, -2.687188641093776], [1.399612583138996, -9.999708721432324], [-0.9187728062188647, -9.807616980983873], [-7.353902085198025, -3.010874875617149], [-8.635117041538942, 3.808681387980277], [5.5766709571889805, 6.283263962132118], [3.066821269656854, 4.114909755666982], [0.3576917147747576, -9.79968370328306], [9.658249814486371, 0.9582856661594068], [5.800277514951569, -0.760374026510739], [-1.60290081920353, 3.3898108372435036], [6.825233811621498, 1.8173519017537174], [7.933883825232108, 2.4334650664109283], [-6.488645339345758, 0.6950256112874591], [-9.966897029272001, -4.0909803116820225], [0.16401899544844945, 4.324146161754596], [5.16333905876291, 3.475741548591804], [4.790708289033812, -6.103893700173013], [-7.479385488457202, 1.7976206301751851]]","[4, 1, 2, 4, 2, 0, 0, 4, 4, 5, 2, 1, 0, 1, 1, 0, 2, 3, 1, 4, 0, 1, 0, 1, 0, 3, 2, 2, 1, 3, 1, 1, 4, 5, 5, 2, 1, 0, 0, 5, 3, 3, 0, 3, 3, 1, 2, 0, 3, 5, 1]","[[0.0, 0.0], [1.5653158413455708, 5.290633555495233], [-6.866733246445344, 2.940781450167664], [-6.475542714737369, -5.706996694020257], [6.105562780693098, 0.9916757856115572], [-0.6533852014811379, -1.5245601934551438], [1.5151703765423907, -7.326058167850473]]","[0, 5, 6, 3, 2, 1, 4, 0]","[8.0389, 8.1813, 8.3526, 8.5136, 8.7056, 8.8631]"
24,"[[0.0, 0.0], [-9.539955456691835, -4.516282610224853], [-9.85801787004677, -8.45380759164014], [-2.9871411089575677, 6.39734475010297], [-9.712613701441468, 3.9372092649505817], [0.4601803466190528, 7.921921628880362], [-3.079370027120161, 7.652056286643013], [-8.420784448534205, 9.974490534336852], [3.8484147154043598, -8.417904581813257], [-2.5960325216618347, -5.531461611495101], [-9.25420773438095, -5.962219684734831], [1.4303093293729496, -4.440546628336546], [2.8890368537844964, 1.1623022554508378], [-1.6952069470305204, -7.954771827002971], [8.388428735763803, -0.7453028965998509], [-1.8555924181543446, -9.689156508133031], [-4.062304874066358, -1.2727440824310037], [-2.45610122071972, 7.520372038620113], [-6.624241688162746, 1.354932479044507], [8.010560011770856, -1.565523413298287], [-0.4470916395497415, -8.390150331693793], [-6.498459513101653, -9.9879839837123], [9.818947202451074, 6.57840938107568], [6.890753709105159, 7.679299772252925], [-9.942634575901465, -4.9658134851013], [-9.213891279495739, 2.566120882068457], [0.7879289110592111, -4.6883001164221705], [3.3278731777715453, 5.353893312531042], [-2.067657570357242, -9.778376354951819], [1.648068632668135, -2.006707084962178], [9.307782626733804, 1.9145620676367443], [-7.6241615547639885, -3.2520630439912024], [8.285937584166007, 0.7531399552637481], [8.699528319167655, -8.207654685751438], [-9.099622962600193, 2.8312985649978124], [1.3089188334807567, -6.045188142767546], [-3.4370989860431873, -4.934454531267425], [2.5066302617337204, -7.461496946366147], [1.109830135412274, 3.7921521523934487], [-4.68987187539752, 9.627643161169662], [5.355512877483232, -7.597126397916862], [-5.314749074968712, -1.9915664653201794], [7.301979303350603, 4.553733117712646], [8.694011946294854, 4.426936560542721], [4.674458354351325, 0.35973317757866496], [-4.822696036837016, 2.83782953579718], [-9.879057311204487, -8.828665443126013], [-4.042115445954682, 3.0307989433937585], [-8.627969398949656, -2.320303797908492], [8.827966371401033, 3.732964312029736], [1.7321866122595395, 5.7148291995266725]]","[7, 5, 5, 4, 1, 3, 4, 4, 8, 2, 5, 7, 7, 2, 0, 2, 9, 4, 1, 0, 2, 5, 6, 6, 5, 1, 7, 3, 2, 7, 0, 9, 0, 8, 1, 8, 2, 8, 3, 4, 8, 9, 6, 6, 7, 1, 5, 1, 9, 6, 3]","[[0.0, 0.0], [9.341325078738777, -0.0653740467327143], [-6.7681559525139185, 4.155912303738068], [-2.0991795729750393, -6.743670198335283], [1.1192139176654208, 5.938450871219209], [-6.326653736145835, 6.52263305922426], [-8.002352272897499, -7.256454153026485], [7.816778196035587, 5.611916563256482], [2.5058255453910285, -1.982208916448041], [4.639808163116039, -6.646209477422232], [-6.771218465660885, -0.8087731171182997]]","[0, 8, 9, 3, 6, 10, 2, 5, 4, 7, 1, 0]","[8.0802, 8.2016, 8.3234, 8.4377, 8.5745, 8.6629, 8.713, 8.856, 8.9834, 9.1171]"
25,"[[0.0, 0.0], [9.02787383106984, -7.22936892362215], [-5.29941695108656, 4.557796257259277], [8.047303300456704, 8.579449070661667], [-3.7980772855076905, 5.582575950602449], [-3.805306836244256, 2.578150059506015], [-3.661968824837192, 1.846791470996795], [-1.035612052796962, -0.15612958873536797], [-5.2708019452993256, -1.9555557479041692], [-0.5413160804488264, -0.16941889377542552], [-3.486958041260479, 5.422229154210756], [-2.2933189085321315, -5.369474844551105], [7.527419372530698, 7.489503636358393], [1.2025914226417722, -0.035302363923467084], [-2.1279580055622382, -2.029920290157916], [7.8539849389907985, 3.3939014335691997], [-8.581192294633526, 0.7032754098398151], [0.48065372935110773, 9.894568322247615], [-3.3111297946140077, 7.799204321267236], [-3.9750630058086323, -9.404948554792103], [-0.34891450840862603, -8.924360431908472], [0.5635984035732395, 4.397368378256433], [-2.397933398139294, 9.555497998318103], [3.2922148954876302, -3.668798641220854], [-9.97852302282954, 1.5338111420776457], [8.017988972206915, -9.405613406772348], [5.411080661392232, 4.599529145467429], [-6.951190968118581, -2.434760297930872], [-1.8233507561237356, -8.957199978722414], [-8.541214880942036, -6.0873716182662925], [-7.187125179957478, 5.995911043569329], [7.357824013998865, -9.279359146422166], [2.5111614506503894, 7.354070530317319], [7.909565979212111, -1.5740674235034682], [1.811162413747189, -7.233521507905367], [-0.18170275592182605, 8.50007250006967], [-6.025442847787921, -8.106692519123484], [4.170220486806585, -0.4664520076160912], [8.538508609230874, 2.5647708110300034], [6.105569384847765, 5.488152016191423], [-3.2550924168632056, 5.245782397142246], [5.800187158213486, -7.995068239757417], [-5.777209920658796, 7.006658242515897], [-2.061321060701758, 0.402023909032291], [8.489895903328012, 6.260880957722236], [8.370101177314378, -6.995577791152828], [-8.157046282287572, -6.18570869032472], [7.1086096429330965, -0.9780759152666096], [2.7041919879309475, 5.696737931510459], [2.1097894914437667, 0.7691656953966373], [-1.6757295618044594, 9.754489977497776]]","[0, 2, 4, 3, 4, 0, 0, 0, 5, 0, 4, 1, 3, 0, 0, 3, 5, 4, 4, 1, 1, 0, 4, 2, 5, 2, 3, 5, 1, 5, 4, 2, 3, 2, 1, 4, 1, 0, 3, 3, 4, 2, 4, 0, 3, 2, 5, 2, 3, 0, 4]","[[0.0, 0.0], [-0.13961362332421595, 0.9187426516053765], [-2.203248401403343, -6.9197826849571875], [6.596693038512114, -5.296808833392856], [6.522981844823386, 6.143878936796423], [-3.062266919533737, 7.301806510179687], [-8.62998203254896, -2.394525054337234]]","[0, 1, 5, 4, 3, 2, 6, 0]","[8.0189, 8.1852, 8.3767, 8.5818, 8.7674, 8.9631]"
26,"[[0.0, 0.0], [5.578899898971791, -5.22280757460843], [2.7885431291767038, -4.223648538941303], [-8.257924490068103, 6.988586434683381], [-1.4098653554588196, 7.193705215899161], [-8.322943618363519, 7.564704466928191], [2.666928179728348, -0.8957029212302174], [-4.651733547068808, -8.478060683160109], [-4.995453941760857, -4.691192532021313], [6.2806695986719205, 0.9690733684031265], [-2.467883953019518, 8.196573960084947], [-4.897909901895863, -3.7304608364802894], [-4.180981441703859, -3.4525442134467266], [2.1652751296857815, 0.20277475990672933], [-4.786946224694919, 2.0417174735548205], [3.4869994506907194, -9.051458740549702], [7.908114005400616, -9.999547332039585], [-5.946985672647922, -6.554970493593446], [9.873605427998932, 0.8939717601372159], [-2.450807161103441, 0.0093978847842493], [-5.5162833477065565, -0.28224122091523896], [5.732871036725289, 9.704923348840985], [-3.5634461203313483, 9.454601721406863], [7.200229830560957, 2.2604676724221804], [5.744558104918042, 5.9130704426111524], [-9.502870328124748, -7.0506489564312], [-1.8182126992415686, -6.886912627819807], [8.642352219685211, 4.548569871389258], [-7.99528028411655, -4.10671455965836], [-8.454177910539046, 6.884721754684968], [-4.609779359411458, 7.442043545361482], [9.623466982919801, 4.255281844176817], [-0.1995165916354118, 1.6032405714177944], [-6.5951673771131425, -2.937998732188616], [5.945562975395385, 4.78803898364551], [3.2535011517973125, -2.1450815083897083], [8.479970947357078, 3.7822604826302104], [4.908710560629313, 2.2624444523252336], [-9.435932939131996, -7.338434465419135], [-2.046067442276767, 0.007941447915166933], [-4.234984534002983, 7.622349193812532], [-4.073476875805682, 1.6033917085437999], [-1.424856520962983, 1.552692607582106], [4.320761143516112, -8.269836793492981], [8.480169979202273, -2.8589580853773793], [3.22690400018762, 5.203407294946484], [-6.838606106478357, -4.080238575886779], [7.957511733014083, -9.831849352892071], [-6.723532406055801, 2.70004670068891], [-4.783738487584204, -3.788609660092628], [-0.7425532741575669, 8.718010399787072]]","[4, 5, 5, 7, 3, 7, 5, 0, 0, 6, 3, 0, 0, 5, 4, 2, 2, 0, 6, 4, 4, 1, 3, 6, 1, 0, 0, 1, 0, 7, 3, 1, 4, 0, 1, 5, 1, 6, 0, 4, 3, 4, 4, 2, 6, 1, 0, 2, 7, 0, 3]","[[0.0, 0.0], [-5.594640873620148, -6.108401737351356], [6.7148624221919135, 6.202451129786699], [5.346598569760319, -7.4108470370428625], [-3.6381389790818943, 8.559745526724342], [-2.809747536247797, 0.7608553484345247], [4.760576866425527, -1.943398324764443], [6.856867573412245, -0.16335378307946857], [-6.838184719737747, 5.3487025625388345]]","[0, 5, 8, 4, 2, 7, 6, 3, 1, 0]","[8.0638, 8.2177, 8.3319, 8.5583, 8.6742, 8.7432, 8.8511, 9.073]"
27,"[[0.0, 0.0], [-2.0409892830786314, -2.4984111373545552], [-1.2830756012851658, -6.589285571335566], [-6.158247948809208, 5.36465119831313], [4.775755565727582, -5.833795622101057], [5.236491630339199, 2.6259443809527383], [7.56482051797817, -4.232100385780289], [-7.95696078220772, -5.522440949119809], [3.768406227847276, -4.13726902184866], [9.12659566738126, 6.433386091271689], [5.309858644241396, -3.2836530857549278], [-2.63032539461995, -8.302380945722295], [5.989607863876426, -6.581156197107769], [-0.21279148650991608, 5.002671873664982], [-0.27764094293758745, -9.538644712744308], [-3.388861556455276, 4.016056378214451], [7.876141093612844, -0.3157595848261341], [-2.7324292598825117, -3.5432655842287453], [2.570781945729541, -4.87932205443008], [-6.022112613411239, 5.314321358618294], [-2.3295899657059493, -6.367049460822005], [8.071150640644603, -7.090411232854327], [-4.082055468770593, -5.11780322530079], [3.1252850435538466, 5.535494404622671], [-6.188463675995064, -4.1846466960544015], [8.171727654755966, -2.7470503188081725], [2.676183400619543, 8.091462906494996], [5.0134296479153875, 4.111845163091525], [-3.7786424201415336, 8.262649614318466], [7.31553110649957, -1.6143975247005056], [6.031747787393179, 1.2032004234396645], [-8.262137019072746, -8.168706473472103], [2.5172402502507936, 9.613513776808762], [-7.911715464139362, -3.556849321841553], [5.081558066428659, -8.774384911412273], [-8.015634660159673, 7.489907798428476], [6.999561924632729, 5.907872583015548], [2.00162765142316, -3.77714253085016], [-8.302104963969237, 4.3358698299007905], [0.3064804395781433, -3.4772444880393305], [-4.860658438974898, -7.71325553791092], [-3.2350529800195815, 0.5531127706065746], [-6.2614669592148715, -1.5833706054098524], [3.4278320026508258, -9.871526758252351], [-4.883262217479709, 3.6268772838905363], [-1.1910601936212633, -2.431394275009331], [4.692656838791116, -4.872332354388149], [-7.165836829871455, -4.029322219803484], [9.335913332493966, 1.996543577392714], [5.838950854705512, -4.978701087517274], [-8.193410733591397, -4.748129947023774]]","[2, 2, 4, 3, 6, 1, 5, 0, 6, 1, 5, 4, 6, 7, 4, 3, 5, 2, 6, 3, 4, 6, 0, 7, 0, 5, 7, 1, 3, 5, 1, 0, 7, 0, 6, 3, 1, 2, 3, 2, 4, 2, 0, 6, 3, 2, 6, 0, 1, 6, 0]","[[0.0, 0.0], [-5.526214951272832, -5.249811675411012], [7.268822603987205, 4.001298519089017], [-1.7114483398113287, -2.9607670272177264], [-5.293966114843222, 5.687381403623865], [-2.7340187387758386, -6.912256104247166], [7.303804884218014, -2.9509363252713072], [6.381067394611388, -6.901022291924024], [1.4234288287324812, 7.099700712994105]]","[0, 3, 1, 5, 7, 6, 2, 8, 4, 0]","[8.0835, 8.1925, 8.2719, 8.4344, 8.5212, 8.6457, 8.805, 8.9511]"
28,"[[0.0, 0.0], [-7.638001112569568, 8.286031464957212], [-0.09537851587083068, 1.6788493645513611], [3.568681295313292, 6.597171340664325], [-8.983300530221936, 1.7605071825475687], [-9.84099901610659, 7.04912080662492], [8.378033290011327, 8.827526625499], [1.0418219972125158, -1.6685042425756542], [9.80966782891214, 2.557525949269472], [0.45362967765852247, -4.397118116596279], [-8.37246824114233, -3.353035480375315], [-5.47623009351029, -8.221725245099481], [-1.7188458359671976, 8.205379713705256], [7.850161698861395, 8.663732948648498], [5.730441476999035, 4.178773110552029], [-4.480868072367605, 8.281395052115695], [-7.272959535731154, 3.617395850853258], [6.069868098682665, -9.215926195153896], [-2.2364957713744644, 6.070918347144733], [-4.740099844888322, -7.2467513295867185], [8.79981309932884, 0.9056361776786463], [-4.673912147329286, 8.89982643628112], [-5.898047237971471, 4.231861283534851], [2.742735943401671, 5.3831664253237435], [-1.9679741348289355, 7.241077033878593], [-2.310978943972626, 0.14163094165248324], [2.6893981087188727, -3.383762766200144], [1.3662982260458545, 4.2482996996396505], [3.8232440517255775, 2.3664726533290708], [5.6728379491769605, 1.468686709036227], [-0.4708568680209133, 3.0553902557588426], [-3.329009146390998, -3.5846395757197413], [-7.797426310429298, -4.8517620750793995], [-1.4047225230408351, -4.455832108336408], [1.4517854805530845, 5.141332314715514], [3.9524249765781185, -0.33061416992624615], [4.763984781007029, 8.042537100551076], [-2.1460789871978943, 6.264103331914164], [2.970203377424916, -3.469959610925047], [7.589867060052164, 1.174494976744775], [4.319960872073372, 0.9905476586529645], [1.7129273813713564, -8.654209390837417], [-2.810809421023932, -9.358830190408089], [2.1638515480826968, 9.280838199829333], [8.412664078867351, 6.322575085815281], [-5.537120337366314, -6.090474827300946], [4.328942898140959, 7.939160080462166], [6.8764582306347535, -5.401127434842943], [6.763062386490585, 7.614236201062788], [-8.283001192138437, -0.5374002384128467], [6.090085957511263, -9.689312564122911]]","[5, 4, 5, 3, 4, 4, 3, 5, 6, 5, 2, 2, 1, 3, 6, 1, 4, 0, 1, 2, 6, 1, 4, 3, 1, 5, 5, 1, 6, 6, 1, 2, 2, 5, 1, 6, 3, 1, 5, 6, 6, 0, 2, 3, 3, 2, 3, 0, 3, 4, 0]","[[0.0, 0.0], [4.848137181568499, -7.311445219848756], [-1.887381924465655, 6.27021709312594], [-4.3361278827105565, -5.726445071743902], [5.126253723912984, 7.111975253530568], [-6.529758962224454, 3.662155537654072], [0.24393647926052653, -1.5941440950891235], [6.704629505431229, 1.4699495893770045]]","[0, 6, 3, 1, 7, 4, 2, 5, 0]","[8.0329, 8.1885, 8.3805, 8.5699, 8.6985, 8.8385, 8.9696]"
29,"[[0.0, 0.0], [-4.524191332504031, -1.7107719661004133], [8.405763420361296, 1.7540320370201528], [-8.957162067051472, -3.962452568684385], [-9.91225261654861, 6.568432819652333], [5.752971491780938, 0.934115436207259], [0.026651998352667405, -4.781858109593218], [0.5075476860204997, 4.466270868069524], [-4.6247068381653555, 2.7053216449054354], [-3.436271093435863, -7.237375057703302], [7.399304838753242, 4.0079740959691215], [-3.01290742022982, 4.472813750998583], [2.566697631326214, 6.929608916955683], [8.951167864647982, -6.184186369743538], [-9.821933396594355, 5.337295521444869], [6.726016660655418, -4.960612485843294], [7.042100377105072, -3.957264636120592], [7.878055336295976, -3.97114606575556], [-5.937876880941189, 5.368904441283595], [-2.0922447713989385, -0.922673486251087], [5.377352348028801, -9.338617472820399], [-8.574224648838989, 4.885668668896281], [-4.034739452201935, 7.754692242794455], [-7.836875566337791, -2.254307651330347], [5.442824055569037, 6.447586326789708], [5.420488574473472, 7.62936412328116], [-5.0742300371830895, 1.5162736796584664], [-7.2397587556201355, 2.122050332852334], [4.15948478736626, -9.225142305051461], [9.212155657145885, 0.5992761721901019], [-6.015897725148838, -9.986618101858898], [-2.142978992114264, -1.3120797254772256], [2.0564246418715335, -5.016891548922182], [-9.722624544083763, -0.42921837392611195], [-7.882606760046014, 1.1964113027812147], [-4.922270512516498, -8.933499690839128], [4.408005215505856, 2.998708073795825], [6.715511672035657, -1.0413180456018107], [-0.2718693221659674, 8.583158211653569], [4.113198798338086, -7.788428379657519], [-2.6673501757996654, -2.983049654420082], [-0.5506737714349956, -8.591753121947077], [-2.9741312261315827, -3.500853097640886], [6.140765548837809, 3.902139902543098], [-2.8932541262521223, -1.9723573247760502], [2.6519149104180872, -4.722342507227104], [-9.542972909693647, -6.827343472652554], [0.9733045668669007, 5.152368216749817], [-5.967321336200209, -3.8581022612176463], [8.780981272445327, 3.598215433555694], [-8.886379886674774, 1.4257816717250922]]","[0, 0, 1, 6, 3, 1, 0, 4, 3, 5, 1, 4, 4, 2, 3, 2, 2, 2, 3, 0, 2, 3, 4, 6, 1, 1, 3, 3, 2, 1, 5, 0, 2, 6, 3, 5, 1, 1, 4, 2, 0, 5, 0, 1, 0, 2, 6, 4, 6, 1, 3]","[[0.0, 0.0], [-1.8630669016972932, -2.3858172813023115], [5.655596411714818, 3.216983719218986], [5.594167164634711, -5.869643742810578], [-7.172545429136254, 4.367638259379075], [-1.0455477679460108, 5.0223138824523925], [-3.9259656527347513, -6.697083682561904], [-7.274275146598809, -3.5749808240252623]]","[0, 1, 6, 7, 4, 5, 2, 3, 0]","[8.0759, 8.1897, 8.3051, 8.4484, 8.5691, 8.7207, 8.8836]"
